transaction_id,dispute_timestamp,dispute_category
TX_VEL_020912,2026-01-06 01:21:18,FRAUDULENT
TX_VEL_020913,2026-01-04 01:22:03,BILLING_ERROR
TX_009574,2026-01-10 01:59:43,FRAUDULENT
TX_013996,2026-01-14 04:38:20,FRAUDULENT
TX_005603,2026-01-05 04:47:26,FRAUDULENT
TX_011971,2026-01-02 15:19:56,UNRECOGNIZED
TX_014901,2026-01-06 19:03:01,FRAUDULENT
TX_002768,2026-01-05 21:05:48,FRAUDULENT
TX_017342,2026-01-05 08:53:47,FRAUDULENT
TX_009724,2026-01-03 16:51:09,FRAUDULENT
TX_002956,2026-01-11 10:53:46,FRAUDULENT
TX_015664,2026-01-13 17:00:27,BILLING_ERROR
TX_DUP_023555,2026-01-05 01:11:48,FRAUDULENT
TX_DUP_023556,2026-01-09 01:13:48,UNRECOGNIZED
TX_DUP_023365,2026-01-08 02:19:09,FRAUDULENT
TX_DUP_023366,2026-01-05 02:21:09,FRAUDULENT
TX_LMT_026067,2026-01-08 02:47:51,UNRECOGNIZED
TX_006617,2026-01-11 05:20:10,FRAUDULENT
TX_DUP_023410,2026-01-11 08:05:04,FRAUDULENT
TX_019257,2026-01-11 09:53:17,UNRECOGNIZED
TX_DUP_023380,2026-01-17 10:26:59,BILLING_ERROR
TX_DUP_023381,2026-01-12 10:28:59,FRAUDULENT
TX_013915,2026-01-18 12:20:32,UNRECOGNIZED
TX_017594,2026-01-16 14:00:02,FRAUDULENT
TX_VEL_021490,2026-01-08 17:48:19,UNRECOGNIZED
TX_VEL_021491,2026-01-10 17:49:04,FRAUDULENT
TX_VEL_021492,2026-01-10 17:49:49,FRAUDULENT
TX_016587,2026-01-11 21:13:49,UNRECOGNIZED
TX_DUP_023270,2026-01-11 02:37:04,UNRECOGNIZED
TX_015521,2026-01-15 04:58:59,FRAUDULENT
TX_VEL_020850,2026-01-11 11:10:20,FRAUDULENT
TX_VEL_020851,2026-01-06 11:11:05,FRAUDULENT
TX_VEL_020852,2026-01-09 11:11:50,FRAUDULENT
TX_VEL_020853,2026-01-12 11:12:35,BILLING_ERROR
TX_VEL_020830,2026-01-19 13:36:44,FRAUDULENT
TX_VEL_020831,2026-01-10 13:37:29,BILLING_ERROR
TX_VEL_020832,2026-01-11 13:38:14,UNRECOGNIZED
TX_VEL_020833,2026-01-16 13:38:59,BILLING_ERROR
TX_VEL_021000,2026-01-18 15:24:31,FRAUDULENT
TX_VEL_021001,2026-01-13 15:25:16,FRAUDULENT
TX_VEL_021002,2026-01-15 15:26:01,BILLING_ERROR
TX_VEL_021003,2026-01-12 15:26:46,BILLING_ERROR
TX_019685,2026-01-19 18:02:21,FRAUDULENT
TX_018323,2026-01-11 22:15:45,FRAUDULENT
TX_VEL_020340,2026-01-14 08:06:58,BILLING_ERROR
TX_VEL_020341,2026-01-17 08:07:43,FRAUDULENT
TX_VEL_020342,2026-01-09 08:08:28,FRAUDULENT
TX_VEL_020343,2026-01-17 08:09:13,FRAUDULENT
TX_DUP_023661,2026-01-07 15:24:01,UNRECOGNIZED
TX_VEL_020140,2026-01-20 08:26:44,FRAUDULENT
TX_VEL_020141,2026-01-21 08:27:29,FRAUDULENT
TX_VEL_020142,2026-01-10 08:28:14,FRAUDULENT
TX_VEL_020143,2026-01-11 08:28:59,FRAUDULENT
TX_VEL_021350,2026-01-22 00:59:25,BILLING_ERROR
TX_VEL_021351,2026-01-21 01:00:10,UNRECOGNIZED
TX_VEL_021352,2026-01-20 01:00:55,FRAUDULENT
TX_VEL_021353,2026-01-13 01:01:40,BILLING_ERROR
TX_VEL_021620,2026-01-22 06:42:18,BILLING_ERROR
TX_VEL_021621,2026-01-16 06:43:03,UNRECOGNIZED
TX_DUP_023220,2026-01-16 12:31:29,FRAUDULENT
TX_VEL_020360,2026-01-09 16:47:28,FRAUDULENT
TX_VEL_020361,2026-01-15 16:48:13,FRAUDULENT
TX_VEL_020362,2026-01-17 16:48:58,UNRECOGNIZED
TX_VEL_020501,2026-01-20 16:03:09,FRAUDULENT
TX_VEL_020503,2026-01-18 16:04:39,UNRECOGNIZED
TX_006375,2026-01-15 21:04:30,FRAUDULENT
TX_DUP_023105,2026-01-20 03:48:02,UNRECOGNIZED
TX_DUP_023106,2026-01-18 03:50:02,FRAUDULENT
TX_010728,2026-01-22 04:42:10,BILLING_ERROR
TX_008755,2026-01-19 10:27:35,FRAUDULENT
TX_DUP_023096,2026-01-24 13:57:46,UNRECOGNIZED
TX_007964,2026-01-12 14:26:59,BILLING_ERROR
TX_011612,2026-01-22 05:27:08,FRAUDULENT
TX_VEL_021910,2026-01-18 17:02:01,BILLING_ERROR
TX_VEL_021911,2026-01-17 17:02:46,UNRECOGNIZED
TX_VEL_021912,2026-01-12 17:03:31,FRAUDULENT
TX_VEL_021913,2026-01-14 17:04:16,FRAUDULENT
TX_VEL_020100,2026-01-16 11:13:24,BILLING_ERROR
TX_VEL_020101,2026-01-23 11:14:09,FRAUDULENT
TX_VEL_020102,2026-01-15 11:14:54,FRAUDULENT
TX_VEL_020103,2026-01-20 11:15:39,FRAUDULENT
TX_VEL_021140,2026-01-15 14:05:06,UNRECOGNIZED
TX_VEL_021141,2026-01-17 14:05:51,UNRECOGNIZED
TX_VEL_021142,2026-01-25 14:06:36,FRAUDULENT
TX_VEL_021143,2026-01-16 14:07:21,BILLING_ERROR
TX_003735,2026-01-15 14:23:57,UNRECOGNIZED
TX_018292,2026-01-13 18:29:09,FRAUDULENT
TX_017630,2026-01-26 20:48:17,FRAUDULENT
TX_017400,2026-01-20 01:01:35,UNRECOGNIZED
TX_003644,2026-01-19 11:14:26,BILLING_ERROR
TX_LMT_026041,2026-01-22 15:28:56,FRAUDULENT
TX_018566,2026-01-17 18:23:22,FRAUDULENT
TX_018160,2026-01-22 21:43:31,FRAUDULENT
TX_VEL_021900,2026-01-18 23:49:18,FRAUDULENT
TX_VEL_021901,2026-01-27 23:50:03,BILLING_ERROR
TX_VEL_021902,2026-01-22 23:50:48,FRAUDULENT
TX_VEL_021903,2026-01-15 23:51:33,FRAUDULENT
TX_004160,2026-01-26 00:31:46,FRAUDULENT
TX_013573,2026-01-20 01:11:53,UNRECOGNIZED
TX_001064,2026-01-18 07:36:40,UNRECOGNIZED
TX_VEL_021920,2026-01-17 18:04:06,UNRECOGNIZED
TX_VEL_021921,2026-01-28 18:04:51,FRAUDULENT
TX_VEL_021922,2026-01-17 18:05:36,BILLING_ERROR
TX_VEL_021923,2026-01-21 18:06:21,FRAUDULENT
TX_VEL_020720,2026-01-27 22:32:33,UNRECOGNIZED
TX_VEL_020721,2026-01-28 22:33:18,UNRECOGNIZED
TX_VEL_020722,2026-01-25 22:34:03,UNRECOGNIZED
TX_VEL_020723,2026-01-25 22:34:48,FRAUDULENT
TX_VEL_020690,2026-01-28 02:41:44,FRAUDULENT
TX_VEL_020691,2026-01-20 02:42:29,FRAUDULENT
TX_VEL_020692,2026-01-25 02:43:14,FRAUDULENT
TX_VEL_020693,2026-01-29 02:43:59,FRAUDULENT
TX_DUP_023686,2026-01-19 03:27:02,FRAUDULENT
TX_019493,2026-01-27 13:34:56,BILLING_ERROR
TX_VEL_021791,2026-01-28 14:03:07,FRAUDULENT
TX_VEL_021792,2026-01-27 14:03:52,FRAUDULENT
TX_VEL_021793,2026-01-29 14:04:37,UNRECOGNIZED
TX_015911,2026-01-22 01:07:14,FRAUDULENT
TX_LMT_026042,2026-01-21 06:22:17,FRAUDULENT
TX_DUP_023456,2026-01-26 15:55:38,FRAUDULENT
TX_VEL_020400,2026-01-30 01:26:54,UNRECOGNIZED
TX_VEL_020401,2026-01-18 01:27:39,BILLING_ERROR
TX_VEL_020402,2026-01-27 01:28:24,FRAUDULENT
TX_VEL_020403,2026-01-18 01:29:09,FRAUDULENT
TX_LMT_026023,2026-01-19 01:55:39,FRAUDULENT
TX_009476,2026-01-19 09:06:03,UNRECOGNIZED
TX_005271,2026-01-24 14:39:35,UNRECOGNIZED
TX_DUP_023305,2026-01-31 15:44:14,BILLING_ERROR
TX_009061,2026-01-31 08:22:15,FRAUDULENT
TX_LMT_026081,2026-01-21 21:16:41,FRAUDULENT
TX_016405,2026-01-29 03:10:58,FRAUDULENT
TX_010720,2026-01-28 06:49:19,FRAUDULENT
TX_007414,2026-01-23 07:57:49,FRAUDULENT
TX_000195,2026-01-23 22:20:41,FRAUDULENT
TX_DUP_023031,2026-01-30 01:16:40,BILLING_ERROR
TX_019713,2026-01-22 02:03:19,UNRECOGNIZED
TX_014858,2026-01-30 09:25:48,FRAUDULENT
TX_LMT_026027,2026-01-27 22:43:34,FRAUDULENT
TX_012751,2026-01-29 22:46:09,BILLING_ERROR
TX_010922,2026-01-24 06:34:18,FRAUDULENT
TX_VEL_021210,2026-01-29 06:42:37,FRAUDULENT
TX_VEL_021211,2026-01-28 06:43:22,FRAUDULENT
TX_VEL_021212,2026-01-22 06:44:07,FRAUDULENT
TX_VEL_021213,2026-01-27 06:44:52,FRAUDULENT
TX_007096,2026-01-30 09:52:53,FRAUDULENT
TX_VEL_021420,2026-02-01 15:40:54,FRAUDULENT
TX_VEL_021421,2026-02-04 15:41:39,FRAUDULENT
TX_VEL_021422,2026-02-04 15:42:24,UNRECOGNIZED
TX_VEL_021423,2026-01-30 15:43:09,BILLING_ERROR
TX_DUP_023020,2026-02-05 00:54:53,BILLING_ERROR
TX_016980,2026-01-28 03:57:45,FRAUDULENT
TX_016729,2026-02-04 10:21:01,UNRECOGNIZED
TX_016861,2026-01-30 19:40:04,FRAUDULENT
TX_015842,2026-01-30 15:03:58,FRAUDULENT
TX_016441,2026-01-30 18:14:27,FRAUDULENT
TX_LMT_026071,2026-01-31 23:15:24,FRAUDULENT
TX_001289,2026-02-06 23:43:49,FRAUDULENT
TX_017101,2026-02-03 07:56:31,FRAUDULENT
TX_DUP_023310,2026-02-07 10:48:57,UNRECOGNIZED
TX_DUP_023311,2026-02-02 10:50:57,FRAUDULENT
TX_DUP_023715,2026-01-26 14:13:39,BILLING_ERROR
TX_DUP_023716,2026-02-03 14:15:39,FRAUDULENT
TX_VEL_021120,2026-02-03 15:27:50,FRAUDULENT
TX_VEL_021122,2026-01-29 15:29:20,FRAUDULENT
TX_VEL_021123,2026-02-01 15:30:05,BILLING_ERROR
TX_DUP_023425,2026-01-28 16:45:43,UNRECOGNIZED
TX_DUP_023426,2026-02-06 16:47:43,FRAUDULENT
TX_013331,2026-01-26 18:02:10,FRAUDULENT
TX_DUP_023740,2026-01-26 04:41:11,BILLING_ERROR
TX_014582,2026-01-28 07:40:04,UNRECOGNIZED
TX_002903,2026-01-29 15:45:01,UNRECOGNIZED
TX_VEL_021880,2026-02-05 16:23:05,BILLING_ERROR
TX_VEL_021881,2026-01-29 16:23:50,FRAUDULENT
TX_VEL_021882,2026-02-08 16:24:35,BILLING_ERROR
TX_VEL_021883,2026-01-26 16:25:20,FRAUDULENT
TX_VEL_020470,2026-02-02 10:19:28,FRAUDULENT
TX_VEL_020471,2026-01-28 10:20:13,FRAUDULENT
TX_VEL_020472,2026-01-27 10:20:58,UNRECOGNIZED
TX_VEL_020473,2026-02-03 10:21:43,UNRECOGNIZED
TX_008294,2026-02-03 12:26:14,FRAUDULENT
TX_005444,2026-02-07 13:38:33,FRAUDULENT
TX_VEL_021671,2026-01-27 14:27:24,FRAUDULENT
TX_VEL_021672,2026-02-02 14:28:09,FRAUDULENT
TX_VEL_021673,2026-01-27 14:28:54,FRAUDULENT
TX_004978,2026-01-31 20:45:28,FRAUDULENT
TX_DUP_023140,2026-02-04 21:28:01,FRAUDULENT
TX_DUP_023141,2026-02-07 21:30:01,FRAUDULENT
TX_VEL_021610,2026-01-27 22:55:16,FRAUDULENT
TX_VEL_021611,2026-02-09 22:56:01,FRAUDULENT
TX_VEL_021613,2026-02-03 22:57:31,FRAUDULENT
TX_DUP_023130,2026-02-04 08:42:38,FRAUDULENT
TX_001326,2026-02-07 13:57:33,UNRECOGNIZED
TX_VEL_020290,2026-02-07 08:21:00,FRAUDULENT
TX_VEL_020292,2026-01-31 08:22:30,FRAUDULENT
TX_VEL_020293,2026-02-11 08:23:15,BILLING_ERROR
TX_VEL_021390,2026-02-06 08:55:30,FRAUDULENT
TX_VEL_021391,2026-02-02 08:56:15,FRAUDULENT
TX_VEL_021392,2026-02-11 08:57:00,FRAUDULENT
TX_VEL_021393,2026-02-11 08:57:45,FRAUDULENT
TX_VEL_020710,2026-02-03 10:40:29,FRAUDULENT
TX_VEL_020711,2026-02-11 10:41:14,BILLING_ERROR
TX_VEL_020712,2026-02-12 10:41:59,FRAUDULENT
TX_VEL_020713,2026-02-06 10:42:44,FRAUDULENT
TX_DUP_023706,2026-02-09 12:22:56,FRAUDULENT
TX_VEL_020760,2026-02-03 15:27:53,FRAUDULENT
TX_VEL_020761,2026-02-09 15:28:38,UNRECOGNIZED
TX_VEL_020762,2026-02-02 15:29:23,BILLING_ERROR
TX_VEL_020763,2026-02-05 15:30:08,FRAUDULENT
TX_DUP_023250,2026-02-10 19:01:09,FRAUDULENT
TX_DUP_023251,2026-02-03 19:03:09,FRAUDULENT
TX_011366,2026-02-05 19:30:30,FRAUDULENT
TX_005952,2026-02-09 16:14:26,FRAUDULENT
TX_VEL_021800,2026-02-11 20:53:16,FRAUDULENT
TX_VEL_021801,2026-02-02 20:54:01,FRAUDULENT
TX_VEL_021802,2026-02-10 20:54:46,UNRECOGNIZED
TX_LMT_026009,2026-02-12 23:48:08,UNRECOGNIZED
TX_002594,2026-02-08 03:10:13,FRAUDULENT
TX_VEL_020811,2026-02-08 13:48:10,FRAUDULENT
TX_VEL_020812,2026-02-01 13:48:55,UNRECOGNIZED
TX_VEL_020813,2026-02-10 13:49:40,FRAUDULENT
TX_VEL_021730,2026-02-03 17:03:04,FRAUDULENT
TX_VEL_021731,2026-02-11 17:03:49,BILLING_ERROR
TX_VEL_021732,2026-02-10 17:04:34,UNRECOGNIZED
TX_001823,2026-02-05 18:34:33,UNRECOGNIZED
TX_013930,2026-02-11 11:46:07,UNRECOGNIZED
TX_VEL_021600,2026-02-11 19:18:26,UNRECOGNIZED
TX_VEL_021601,2026-02-13 19:19:11,UNRECOGNIZED
TX_VEL_021602,2026-02-15 19:19:56,FRAUDULENT
TX_VEL_021603,2026-02-14 19:20:41,UNRECOGNIZED
TX_VEL_020150,2026-02-11 20:34:13,BILLING_ERROR
TX_VEL_020152,2026-02-08 20:35:43,FRAUDULENT
TX_VEL_020153,2026-02-05 20:36:28,FRAUDULENT
TX_002755,2026-02-13 21:48:48,FRAUDULENT
TX_VEL_020701,2026-02-13 18:26:32,BILLING_ERROR
TX_VEL_020702,2026-02-04 18:27:17,FRAUDULENT
TX_VEL_020703,2026-02-04 18:28:02,FRAUDULENT
TX_DUP_023340,2026-02-16 18:41:35,FRAUDULENT
TX_VEL_020820,2026-02-15 18:46:44,BILLING_ERROR
TX_VEL_020821,2026-02-10 18:47:29,FRAUDULENT
TX_VEL_020822,2026-02-04 18:48:14,FRAUDULENT
TX_VEL_020823,2026-02-07 18:48:59,FRAUDULENT
TX_016596,2026-02-13 06:15:34,UNRECOGNIZED
TX_VEL_020390,2026-02-16 08:49:32,UNRECOGNIZED
TX_VEL_020391,2026-02-06 08:50:17,FRAUDULENT
TX_VEL_020393,2026-02-05 08:51:47,FRAUDULENT
TX_DUP_023320,2026-02-12 11:36:47,FRAUDULENT
TX_006195,2026-02-10 16:36:35,UNRECOGNIZED
TX_VEL_020211,2026-02-06 20:02:53,UNRECOGNIZED
TX_VEL_020212,2026-02-07 20:03:38,BILLING_ERROR
TX_DUP_023115,2026-02-10 02:50:12,BILLING_ERROR
TX_VEL_021320,2026-02-07 04:57:02,FRAUDULENT
TX_VEL_021321,2026-02-16 04:57:47,BILLING_ERROR
TX_VEL_021322,2026-02-08 04:58:32,UNRECOGNIZED
TX_VEL_021323,2026-02-06 04:59:17,FRAUDULENT
TX_013644,2026-02-07 07:13:23,BILLING_ERROR
TX_LMT_026016,2026-02-08 13:58:00,FRAUDULENT
TX_016221,2026-02-09 16:12:24,UNRECOGNIZED
TX_018184,2026-02-10 16:42:53,FRAUDULENT
TX_VEL_021580,2026-02-05 18:24:34,UNRECOGNIZED
TX_VEL_021581,2026-02-15 18:25:19,FRAUDULENT
TX_VEL_021582,2026-02-09 18:26:04,FRAUDULENT
TX_VEL_021583,2026-02-11 18:26:49,BILLING_ERROR
TX_019253,2026-02-10 22:35:30,FRAUDULENT
TX_LMT_026065,2026-02-11 00:26:34,BILLING_ERROR
TX_VEL_021741,2026-02-17 11:04:27,BILLING_ERROR
TX_VEL_021742,2026-02-07 11:05:12,FRAUDULENT
TX_VEL_021743,2026-02-09 11:05:57,FRAUDULENT
TX_016392,2026-02-09 12:53:02,FRAUDULENT
TX_VEL_021251,2026-02-12 06:33:31,BILLING_ERROR
TX_VEL_021252,2026-02-08 06:34:16,FRAUDULENT
TX_VEL_021253,2026-02-13 06:35:01,FRAUDULENT
TX_VEL_020430,2026-02-07 07:44:05,UNRECOGNIZED
TX_VEL_020431,2026-02-17 07:44:50,FRAUDULENT
TX_VEL_020432,2026-02-11 07:45:35,FRAUDULENT
TX_019715,2026-02-10 17:07:31,UNRECOGNIZED
TX_013754,2026-02-19 18:47:35,FRAUDULENT
TX_VEL_020900,2026-02-12 01:46:13,BILLING_ERROR
TX_VEL_020901,2026-02-18 01:46:58,FRAUDULENT
TX_VEL_020902,2026-02-13 01:47:43,FRAUDULENT
TX_VEL_020903,2026-02-21 01:48:28,FRAUDULENT
TX_017364,2026-02-21 07:04:34,FRAUDULENT
TX_DUP_023530,2026-02-20 07:25:46,UNRECOGNIZED
TX_015579,2026-02-17 17:17:42,BILLING_ERROR
TX_DUP_023711,2026-02-09 22:10:36,UNRECOGNIZED
TX_006608,2026-02-13 00:05:27,BILLING_ERROR
TX_017767,2026-02-11 04:42:06,BILLING_ERROR
TX_VEL_020310,2026-02-09 09:30:47,FRAUDULENT
TX_VEL_020311,2026-02-12 09:31:32,BILLING_ERROR
TX_VEL_020312,2026-02-15 09:32:17,BILLING_ERROR
TX_VEL_020313,2026-02-09 09:33:02,BILLING_ERROR
TX_DUP_023151,2026-02-14 19:37:26,BILLING_ERROR
TX_DUP_023600,2026-02-13 06:40:33,FRAUDULENT
TX_DUP_023601,2026-02-15 06:42:33,UNRECOGNIZED
TX_VEL_020200,2026-02-14 07:26:44,UNRECOGNIZED
TX_VEL_020201,2026-02-23 07:27:29,UNRECOGNIZED
TX_VEL_020203,2026-02-21 07:28:59,UNRECOGNIZED
TX_LMT_026012,2026-02-20 08:41:32,FRAUDULENT
TX_001400,2026-02-16 09:01:22,FRAUDULENT
TX_DUP_023065,2026-02-22 13:57:35,BILLING_ERROR
TX_DUP_023066,2026-02-20 13:59:35,FRAUDULENT
TX_VEL_021950,2026-02-13 14:56:35,BILLING_ERROR
TX_VEL_021951,2026-02-18 14:57:20,FRAUDULENT
TX_VEL_021952,2026-02-13 14:58:05,FRAUDULENT
TX_VEL_021953,2026-02-14 14:58:50,BILLING_ERROR
TX_DUP_023300,2026-02-15 20:13:09,FRAUDULENT
TX_VEL_020841,2026-02-19 20:34:30,FRAUDULENT
TX_VEL_020842,2026-02-24 20:35:15,FRAUDULENT
TX_VEL_020843,2026-02-23 20:36:00,UNRECOGNIZED
TX_VEL_021290,2026-02-19 20:37:56,FRAUDULENT
TX_VEL_021291,2026-02-15 20:38:41,BILLING_ERROR
TX_VEL_021292,2026-02-12 20:39:26,BILLING_ERROR
TX_018719,2026-02-22 03:11:16,BILLING_ERROR
TX_017022,2026-02-18 04:19:51,BILLING_ERROR
TX_VEL_021760,2026-02-20 13:51:01,BILLING_ERROR
TX_VEL_021761,2026-02-19 13:51:46,UNRECOGNIZED
TX_VEL_021762,2026-02-15 13:52:31,BILLING_ERROR
TX_004789,2026-02-19 04:07:18,FRAUDULENT
TX_LMT_026092,2026-02-20 06:21:44,BILLING_ERROR
TX_DUP_023325,2026-02-22 11:11:12,FRAUDULENT
TX_DUP_023326,2026-02-21 11:13:12,UNRECOGNIZED
TX_DUP_023176,2026-02-15 17:26:14,FRAUDULENT
TX_012317,2026-02-21 19:00:55,FRAUDULENT
TX_VEL_020130,2026-02-24 20:24:50,UNRECOGNIZED
TX_VEL_020132,2026-02-18 20:26:20,UNRECOGNIZED
TX_VEL_020133,2026-02-22 20:27:05,BILLING_ERROR
TX_DUP_023195,2026-02-25 04:18:16,FRAUDULENT
TX_DUP_023196,2026-02-15 04:20:16,BILLING_ERROR
TX_VEL_021230,2026-02-15 08:22:51,FRAUDULENT
TX_VEL_021231,2026-02-15 08:23:36,BILLING_ERROR
TX_VEL_021232,2026-02-24 08:24:21,UNRECOGNIZED
TX_VEL_021233,2026-02-28 08:25:06,FRAUDULENT
TX_VEL_021571,2026-02-17 16:48:25,BILLING_ERROR
TX_VEL_021572,2026-02-18 16:49:10,UNRECOGNIZED
TX_VEL_021573,2026-02-18 16:49:55,BILLING_ERROR
TX_014655,2026-02-17 08:24:14,BILLING_ERROR
TX_012459,2026-03-01 10:42:52,FRAUDULENT
TX_VEL_021111,2026-02-20 16:01:57,FRAUDULENT
TX_VEL_021112,2026-02-21 16:02:42,FRAUDULENT
TX_VEL_021113,2026-02-21 16:03:27,FRAUDULENT
TX_DUP_023431,2026-03-01 09:10:23,BILLING_ERROR
TX_016576,2026-02-26 10:36:16,FRAUDULENT
TX_VEL_021090,2026-02-18 20:10:11,UNRECOGNIZED
TX_VEL_021091,2026-03-02 20:10:56,UNRECOGNIZED
TX_VEL_021092,2026-02-21 20:11:41,FRAUDULENT
TX_VEL_021093,2026-03-02 20:12:26,FRAUDULENT
TX_VEL_021220,2026-02-23 23:09:46,UNRECOGNIZED
TX_VEL_021221,2026-02-17 23:10:31,UNRECOGNIZED
TX_VEL_021222,2026-02-17 23:11:16,UNRECOGNIZED
TX_VEL_021223,2026-02-25 23:12:01,FRAUDULENT
TX_VEL_020661,2026-02-21 01:15:17,FRAUDULENT
TX_VEL_020662,2026-02-25 01:16:02,BILLING_ERROR
TX_VEL_020663,2026-02-25 01:16:47,FRAUDULENT
TX_015680,2026-02-20 02:01:04,FRAUDULENT
TX_DUP_023510,2026-02-23 08:30:47,FRAUDULENT
TX_002555,2026-03-02 16:30:42,FRAUDULENT
TX_VEL_020370,2026-03-03 05:59:36,FRAUDULENT
TX_VEL_020371,2026-03-04 06:00:21,BILLING_ERROR
TX_016978,2026-02-27 10:05:42,BILLING_ERROR
TX_VEL_020740,2026-02-24 15:57:10,FRAUDULENT
TX_VEL_020741,2026-03-04 15:57:55,FRAUDULENT
TX_VEL_020743,2026-03-02 15:59:25,FRAUDULENT
TX_010607,2026-03-04 16:25:03,FRAUDULENT
TX_LMT_026052,2026-03-03 16:34:42,BILLING_ERROR
TX_DUP_023591,2026-02-26 21:07:30,FRAUDULENT
TX_015569,2026-02-26 00:07:56,FRAUDULENT
TX_010645,2026-02-23 09:37:30,BILLING_ERROR
TX_VEL_021530,2026-03-04 13:04:47,BILLING_ERROR
TX_VEL_021531,2026-02-21 13:05:32,UNRECOGNIZED
TX_VEL_021532,2026-02-28 13:06:17,UNRECOGNIZED
TX_VEL_021533,2026-02-20 13:07:02,UNRECOGNIZED
TX_002614,2026-03-05 16:44:46,FRAUDULENT
TX_001828,2026-03-01 08:35:21,FRAUDULENT
TX_DUP_023190,2026-02-27 08:46:45,UNRECOGNIZED
TX_DUP_023210,2026-02-23 09:17:44,FRAUDULENT
TX_DUP_023211,2026-02-24 09:19:44,FRAUDULENT
TX_VEL_021550,2026-02-26 17:27:09,FRAUDULENT
TX_VEL_021551,2026-02-23 17:27:54,FRAUDULENT
TX_VEL_021553,2026-02-28 17:29:24,FRAUDULENT
TX_VEL_020940,2026-02-26 21:00:06,UNRECOGNIZED
TX_VEL_020941,2026-03-05 21:00:51,FRAUDULENT
TX_VEL_020942,2026-02-24 21:01:36,FRAUDULENT
TX_VEL_020943,2026-03-06 21:02:21,FRAUDULENT
TX_VEL_020480,2026-02-26 01:54:41,FRAUDULENT
TX_VEL_020481,2026-03-05 01:55:26,UNRECOGNIZED
TX_VEL_020482,2026-03-01 01:56:11,FRAUDULENT
TX_VEL_020483,2026-03-01 01:56:56,FRAUDULENT
TX_DUP_023550,2026-02-24 07:10:36,UNRECOGNIZED
TX_DUP_023551,2026-02-23 07:12:36,FRAUDULENT
TX_003963,2026-03-06 07:58:07,FRAUDULENT
TX_001866,2026-03-01 20:37:37,FRAUDULENT
TX_VEL_020350,2026-02-27 00:33:51,FRAUDULENT
TX_VEL_020351,2026-03-05 00:34:36,BILLING_ERROR
TX_VEL_020352,2026-03-06 00:35:21,BILLING_ERROR
TX_VEL_020170,2026-02-24 02:56:48,UNRECOGNIZED
TX_VEL_020171,2026-02-28 02:57:33,FRAUDULENT
TX_001093,2026-03-01 02:57:43,FRAUDULENT
TX_VEL_020173,2026-02-23 02:59:03,FRAUDULENT
TX_015930,2026-02-28 07:20:08,BILLING_ERROR
TX_VEL_020301,2026-03-01 10:53:33,BILLING_ERROR
TX_VEL_020303,2026-03-08 10:55:03,FRAUDULENT
TX_VEL_020790,2026-02-27 13:54:26,FRAUDULENT
TX_VEL_020791,2026-03-07 13:55:11,FRAUDULENT
TX_VEL_020792,2026-03-08 13:55:56,UNRECOGNIZED
TX_VEL_020793,2026-03-06 13:56:41,FRAUDULENT
TX_002839,2026-03-05 14:30:06,FRAUDULENT
TX_000217,2026-02-26 18:49:19,FRAUDULENT
TX_016962,2026-02-23 21:11:53,UNRECOGNIZED
TX_VEL_021060,2026-03-05 00:06:36,FRAUDULENT
TX_VEL_021061,2026-03-01 00:07:21,UNRECOGNIZED
TX_VEL_021062,2026-03-08 00:08:06,BILLING_ERROR
TX_VEL_021063,2026-03-09 00:08:51,FRAUDULENT
TX_LMT_026032,2026-03-06 16:34:55,FRAUDULENT
TX_VEL_021130,2026-03-04 17:11:27,FRAUDULENT
TX_VEL_021131,2026-02-27 17:12:12,FRAUDULENT
TX_VEL_021133,2026-02-25 17:13:42,FRAUDULENT
TX_VEL_021520,2026-02-28 12:50:30,BILLING_ERROR
TX_VEL_021522,2026-03-06 12:52:00,UNRECOGNIZED
TX_VEL_021523,2026-02-25 12:52:45,BILLING_ERROR
TX_015075,2026-03-02 21:06:30,FRAUDULENT
TX_000124,2026-03-09 23:50:44,FRAUDULENT
TX_012494,2026-03-03 01:46:40,UNRECOGNIZED
TX_VEL_020450,2026-03-04 04:26:36,FRAUDULENT
TX_VEL_020452,2026-02-28 04:28:06,FRAUDULENT
TX_VEL_020453,2026-02-27 04:28:51,UNRECOGNIZED
TX_010420,2026-03-05 04:41:44,BILLING_ERROR
TX_VEL_020620,2026-03-03 10:56:30,FRAUDULENT
TX_VEL_020621,2026-03-03 10:57:15,BILLING_ERROR
TX_VEL_020622,2026-03-07 10:58:00,BILLING_ERROR
TX_VEL_020623,2026-02-27 10:58:45,UNRECOGNIZED
TX_019884,2026-03-09 18:19:13,FRAUDULENT
TX_004730,2026-03-06 23:55:18,FRAUDULENT
TX_DUP_023730,2026-03-03 06:41:23,FRAUDULENT
TX_DUP_023731,2026-03-09 06:43:23,FRAUDULENT
TX_DUP_023625,2026-03-08 06:46:00,UNRECOGNIZED
TX_VEL_020570,2026-03-04 08:39:23,UNRECOGNIZED
TX_VEL_020571,2026-03-07 08:40:08,FRAUDULENT
TX_VEL_020572,2026-03-05 08:40:53,BILLING_ERROR
TX_VEL_020573,2026-03-11 08:41:38,FRAUDULENT
TX_VEL_021540,2026-03-02 09:03:22,FRAUDULENT
TX_VEL_021542,2026-03-10 09:04:52,BILLING_ERROR
TX_VEL_021543,2026-03-07 09:05:37,FRAUDULENT
TX_VEL_020960,2026-03-06 14:22:22,FRAUDULENT
TX_VEL_020961,2026-03-13 14:23:07,FRAUDULENT
TX_VEL_020962,2026-03-06 14:23:52,BILLING_ERROR
TX_VEL_020963,2026-03-12 14:24:37,UNRECOGNIZED
TX_VEL_021940,2026-02-28 14:43:33,UNRECOGNIZED
TX_VEL_021941,2026-03-05 14:44:18,FRAUDULENT
TX_VEL_021942,2026-03-11 14:45:03,FRAUDULENT
TX_VEL_021943,2026-03-12 14:45:48,BILLING_ERROR
TX_016516,2026-03-03 04:02:39,UNRECOGNIZED
TX_VEL_020460,2026-03-03 14:59:08,FRAUDULENT
TX_VEL_020461,2026-03-03 14:59:53,BILLING_ERROR
TX_VEL_020463,2026-03-09 15:01:23,UNRECOGNIZED
TX_DUP_023615,2026-03-14 19:13:57,FRAUDULENT
TX_001922,2026-03-02 21:28:42,FRAUDULENT
TX_000809,2026-03-03 00:02:17,FRAUDULENT
TX_VEL_020070,2026-03-11 11:36:02,FRAUDULENT
TX_VEL_020071,2026-03-05 11:36:47,FRAUDULENT
TX_VEL_020072,2026-03-09 11:37:32,FRAUDULENT
TX_VEL_020073,2026-03-08 11:38:17,FRAUDULENT
TX_DUP_023240,2026-03-08 17:22:43,UNRECOGNIZED
TX_DUP_023241,2026-03-15 17:24:43,FRAUDULENT
TX_009121,2026-03-14 02:26:50,FRAUDULENT
TX_VEL_021471,2026-03-15 09:16:18,UNRECOGNIZED
TX_VEL_021472,2026-03-16 09:17:03,UNRECOGNIZED
TX_VEL_021473,2026-03-12 09:17:48,FRAUDULENT
TX_010890,2026-03-15 18:21:38,BILLING_ERROR
TX_013732,2026-03-04 08:51:26,FRAUDULENT
TX_016222,2026-03-13 17:17:32,FRAUDULENT
TX_DUP_023501,2026-03-07 21:26:02,BILLING_ERROR
TX_001795,2026-03-13 06:42:00,UNRECOGNIZED
TX_017236,2026-03-16 11:11:58,FRAUDULENT
TX_DUP_023275,2026-03-14 19:48:59,FRAUDULENT
TX_LMT_026093,2026-03-15 22:22:06,FRAUDULENT
TX_LMT_026033,2026-03-12 08:04:24,BILLING_ERROR
TX_009854,2026-03-13 08:28:43,FRAUDULENT
TX_VEL_021961,2026-03-07 15:27:05,FRAUDULENT
TX_VEL_021963,2026-03-15 15:28:35,FRAUDULENT
TX_VEL_020950,2026-03-14 20:08:19,FRAUDULENT
TX_VEL_020951,2026-03-10 20:09:04,FRAUDULENT
TX_VEL_020952,2026-03-07 20:09:49,UNRECOGNIZED
TX_VEL_020953,2026-03-12 20:10:34,FRAUDULENT
TX_LMT_026070,2026-03-10 20:13:53,FRAUDULENT
TX_002901,2026-03-08 04:28:21,UNRECOGNIZED
TX_DUP_023181,2026-03-09 07:08:38,BILLING_ERROR
TX_016304,2026-03-12 07:47:43,BILLING_ERROR
TX_017620,2026-03-07 09:39:19,FRAUDULENT
TX_017032,2026-03-18 13:13:52,FRAUDULENT
TX_007362,2026-03-16 15:52:02,FRAUDULENT
TX_LMT_026054,2026-03-13 18:29:19,FRAUDULENT
TX_VEL_021310,2026-03-07 20:54:42,FRAUDULENT
TX_VEL_021311,2026-03-12 20:55:27,FRAUDULENT
TX_VEL_021312,2026-03-14 20:56:12,FRAUDULENT
TX_VEL_021313,2026-03-13 20:56:57,FRAUDULENT
TX_DUP_023290,2026-03-19 10:31:03,FRAUDULENT
TX_DUP_023291,2026-03-15 10:33:03,FRAUDULENT
TX_VEL_020110,2026-03-15 10:55:35,UNRECOGNIZED
TX_VEL_020111,2026-03-17 10:56:20,FRAUDULENT
TX_VEL_020112,2026-03-21 10:57:05,FRAUDULENT
TX_VEL_020113,2026-03-09 10:57:50,UNRECOGNIZED
TX_016161,2026-03-20 18:03:14,FRAUDULENT
TX_LMT_026059,2026-03-09 23:25:42,FRAUDULENT
TX_018681,2026-03-14 17:00:53,FRAUDULENT
TX_003812,2026-03-12 21:20:01,FRAUDULENT
TX_019245,2026-03-22 09:15:35,BILLING_ERROR
TX_VEL_021180,2026-03-10 09:38:00,FRAUDULENT
TX_VEL_021181,2026-03-13 09:38:45,FRAUDULENT
TX_VEL_021182,2026-03-21 09:39:30,FRAUDULENT
TX_VEL_021183,2026-03-11 09:40:15,BILLING_ERROR
TX_008430,2026-03-13 12:48:39,FRAUDULENT
TX_VEL_020890,2026-03-18 21:11:08,UNRECOGNIZED
TX_VEL_020891,2026-03-18 21:11:53,FRAUDULENT
TX_VEL_020892,2026-03-16 21:12:38,FRAUDULENT
TX_VEL_020893,2026-03-20 21:13:23,BILLING_ERROR
TX_LMT_026006,2026-03-20 21:47:16,UNRECOGNIZED
TX_VEL_020320,2026-03-20 15:04:30,FRAUDULENT
TX_VEL_020321,2026-03-20 15:05:15,FRAUDULENT
TX_VEL_020322,2026-03-20 15:06:00,FRAUDULENT
TX_VEL_020323,2026-03-24 15:06:45,FRAUDULENT
TX_VEL_020680,2026-03-16 20:15:08,FRAUDULENT
TX_VEL_020682,2026-03-15 20:16:38,FRAUDULENT
TX_VEL_020683,2026-03-19 20:17:23,UNRECOGNIZED
TX_VEL_021100,2026-03-12 22:05:08,UNRECOGNIZED
TX_VEL_021103,2026-03-22 22:07:23,UNRECOGNIZED
TX_006620,2026-03-19 23:51:35,FRAUDULENT
TX_DUP_023295,2026-03-13 00:16:52,BILLING_ERROR
TX_DUP_023120,2026-03-22 21:33:42,UNRECOGNIZED
TX_DUP_023121,2026-03-21 21:35:42,BILLING_ERROR
TX_010295,2026-03-20 06:05:02,FRAUDULENT
TX_VEL_020670,2026-03-16 03:05:55,FRAUDULENT
TX_VEL_020671,2026-03-27 03:06:40,FRAUDULENT
TX_VEL_020672,2026-03-23 03:07:25,FRAUDULENT
TX_006464,2026-03-14 11:32:46,BILLING_ERROR
TX_VEL_020090,2026-03-20 12:39:09,FRAUDULENT
TX_VEL_020091,2026-03-25 12:39:54,FRAUDULENT
TX_VEL_020092,2026-03-21 12:40:39,FRAUDULENT
TX_VEL_020093,2026-03-22 12:41:24,FRAUDULENT
TX_019306,2026-03-23 01:32:41,FRAUDULENT
TX_009177,2026-03-25 07:36:13,FRAUDULENT
TX_001059,2026-03-26 17:43:41,FRAUDULENT
TX_013473,2026-03-18 08:34:56,UNRECOGNIZED
TX_013162,2026-03-29 11:42:09,FRAUDULENT
TX_VEL_020920,2026-03-22 13:15:32,UNRECOGNIZED
TX_VEL_020921,2026-03-18 13:16:17,FRAUDULENT
TX_VEL_020923,2026-03-24 13:17:47,BILLING_ERROR
TX_DUP_023546,2026-03-21 14:18:25,FRAUDULENT
TX_VEL_020160,2026-03-16 15:23:18,FRAUDULENT
TX_VEL_020161,2026-03-16 15:24:03,FRAUDULENT
TX_VEL_020162,2026-03-20 15:24:48,FRAUDULENT
TX_VEL_020163,2026-03-25 15:25:33,FRAUDULENT
TX_DUP_023701,2026-03-25 19:19:51,FRAUDULENT
TX_VEL_021841,2026-03-24 23:48:05,BILLING_ERROR
TX_VEL_021843,2026-03-20 23:49:35,UNRECOGNIZED
TX_002910,2026-03-18 05:36:39,FRAUDULENT
TX_DUP_023471,2026-03-30 07:00:36,UNRECOGNIZED
TX_VEL_021160,2026-03-24 09:04:05,FRAUDULENT
TX_VEL_021161,2026-03-20 09:04:50,FRAUDULENT
TX_VEL_021162,2026-03-22 09:05:35,FRAUDULENT
TX_VEL_021163,2026-03-29 09:06:20,FRAUDULENT
TX_DUP_023485,2026-03-30 10:15:02,UNRECOGNIZED
TX_006101,2026-03-21 10:38:31,FRAUDULENT
TX_000999,2026-03-27 14:02:31,FRAUDULENT
TX_002042,2026-03-22 18:17:42,FRAUDULENT
TX_DUP_023215,2026-03-25 13:30:38,BILLING_ERROR
TX_017180,2026-03-29 14:15:14,BILLING_ERROR
TX_VEL_020380,2026-03-30 11:29:45,FRAUDULENT
TX_VEL_020382,2026-03-26 11:31:15,FRAUDULENT
TX_VEL_020383,2026-03-19 11:32:00,FRAUDULENT
TX_VEL_021830,2026-03-27 16:11:42,FRAUDULENT
TX_VEL_021831,2026-03-26 16:12:27,BILLING_ERROR
TX_VEL_021832,2026-03-27 16:13:12,FRAUDULENT
TX_VEL_021833,2026-03-29 16:13:57,FRAUDULENT
TX_DUP_023386,2026-03-21 17:42:54,FRAUDULENT
TX_010526,2026-03-28 19:46:00,UNRECOGNIZED
TX_LMT_026080,2026-04-02 00:06:11,UNRECOGNIZED
TX_DUP_023595,2026-03-29 00:37:40,FRAUDULENT
TX_VEL_021330,2026-04-02 02:00:58,FRAUDULENT
TX_VEL_021331,2026-04-01 02:01:43,FRAUDULENT
TX_VEL_021332,2026-03-20 02:02:28,FRAUDULENT
TX_VEL_021333,2026-03-22 02:03:13,FRAUDULENT
TX_DUP_023016,2026-03-26 05:40:20,FRAUDULENT
TX_VEL_020240,2026-03-25 05:59:54,UNRECOGNIZED
TX_VEL_020241,2026-04-01 06:00:39,FRAUDULENT
TX_VEL_020242,2026-03-25 06:01:24,FRAUDULENT
TX_VEL_020243,2026-03-20 06:02:09,BILLING_ERROR
TX_VEL_021080,2026-03-28 07:30:38,FRAUDULENT
TX_VEL_021081,2026-03-21 07:31:23,UNRECOGNIZED
TX_VEL_021082,2026-03-24 07:32:08,FRAUDULENT
TX_VEL_021083,2026-03-30 07:32:53,FRAUDULENT
TX_001579,2026-03-22 08:47:46,UNRECOGNIZED
TX_DUP_023205,2026-03-25 17:43:44,FRAUDULENT
TX_DUP_023206,2026-04-02 17:45:44,BILLING_ERROR
TX_DUP_023330,2026-03-27 18:23:30,UNRECOGNIZED
TX_DUP_023331,2026-03-22 18:25:30,UNRECOGNIZED
TX_DUP_023100,2026-03-31 00:23:33,FRAUDULENT
TX_DUP_023101,2026-04-03 00:25:33,FRAUDULENT
TX_002464,2026-04-03 10:46:07,FRAUDULENT
TX_VEL_021981,2026-03-22 11:58:42,FRAUDULENT
TX_VEL_021982,2026-03-23 11:59:27,FRAUDULENT
TX_009087,2026-03-30 01:33:15,FRAUDULENT
TX_DUP_023665,2026-03-25 10:15:11,FRAUDULENT
TX_DUP_023010,2026-04-02 13:05:44,BILLING_ERROR
TX_DUP_023011,2026-03-25 13:07:44,FRAUDULENT
TX_005290,2026-03-25 13:17:25,FRAUDULENT
TX_001597,2026-03-26 13:58:26,UNRECOGNIZED
TX_LMT_026015,2026-03-23 09:31:03,BILLING_ERROR
TX_018266,2026-04-01 10:14:16,FRAUDULENT
TX_019820,2026-03-27 21:41:55,FRAUDULENT
TX_003474,2026-04-04 08:15:39,UNRECOGNIZED
TX_006814,2026-03-26 10:20:03,FRAUDULENT
TX_VEL_020030,2026-03-24 10:44:29,BILLING_ERROR
TX_VEL_020031,2026-03-31 10:45:14,FRAUDULENT
TX_VEL_020032,2026-04-06 10:45:59,BILLING_ERROR
TX_VEL_020033,2026-03-27 10:46:44,FRAUDULENT
TX_DUP_023415,2026-04-05 16:37:35,FRAUDULENT
TX_DUP_023416,2026-03-30 16:39:35,BILLING_ERROR
TX_VEL_021361,2026-03-30 19:33:38,BILLING_ERROR
TX_VEL_021362,2026-03-25 19:34:23,UNRECOGNIZED
TX_VEL_021363,2026-03-24 19:35:08,FRAUDULENT
TX_LMT_026086,2026-03-27 20:04:59,FRAUDULENT
TX_015883,2026-04-01 00:12:44,FRAUDULENT
TX_VEL_021720,2026-04-01 05:40:13,BILLING_ERROR
TX_VEL_021723,2026-03-28 05:42:28,FRAUDULENT
TX_008163,2026-03-30 07:04:37,UNRECOGNIZED
TX_004236,2026-03-27 10:20:45,FRAUDULENT
TX_013233,2026-04-02 00:22:52,UNRECOGNIZED
TX_010530,2026-04-05 04:54:44,FRAUDULENT
TX_VEL_021440,2026-03-26 07:44:28,FRAUDULENT
TX_VEL_021441,2026-04-04 07:45:13,FRAUDULENT
TX_VEL_021442,2026-03-30 07:45:58,FRAUDULENT
TX_VEL_021443,2026-04-08 07:46:43,FRAUDULENT
TX_013750,2026-03-28 12:09:50,FRAUDULENT
TX_VEL_020600,2026-04-01 12:47:35,BILLING_ERROR
TX_VEL_020601,2026-03-29 12:48:20,UNRECOGNIZED
TX_VEL_020602,2026-04-01 12:49:05,FRAUDULENT
TX_VEL_020603,2026-04-08 12:49:50,BILLING_ERROR
TX_LMT_026035,2026-04-07 13:22:37,FRAUDULENT
TX_VEL_021711,2026-04-01 20:53:40,FRAUDULENT
TX_VEL_021712,2026-03-31 20:54:25,BILLING_ERROR
TX_DUP_023265,2026-03-28 22:05:23,FRAUDULENT
TX_DUP_023090,2026-04-03 23:14:05,FRAUDULENT
TX_DUP_023091,2026-03-28 23:16:05,UNRECOGNIZED
TX_DUP_023736,2026-03-30 02:37:31,UNRECOGNIZED
TX_012691,2026-03-31 09:40:01,UNRECOGNIZED
TX_006179,2026-03-30 12:21:41,UNRECOGNIZED
TX_DUP_023575,2026-04-02 21:31:06,FRAUDULENT
TX_DUP_023576,2026-04-06 21:33:06,FRAUDULENT
TX_009079,2026-04-09 01:50:06,BILLING_ERROR
TX_007537,2026-04-02 03:29:33,UNRECOGNIZED
TX_019734,2026-03-31 05:55:11,FRAUDULENT
TX_018412,2026-04-09 20:46:41,BILLING_ERROR
TX_006398,2026-04-10 04:22:25,BILLING_ERROR
TX_010168,2026-04-02 12:44:20,FRAUDULENT
TX_DUP_023725,2026-04-03 20:19:25,FRAUDULENT
TX_VEL_020081,2026-04-06 20:20:22,FRAUDULENT
TX_VEL_020082,2026-04-11 20:21:07,FRAUDULENT
TX_DUP_023726,2026-04-11 20:21:25,UNRECOGNIZED
TX_VEL_021860,2026-04-06 22:36:54,UNRECOGNIZED
TX_VEL_021861,2026-04-09 22:37:39,UNRECOGNIZED
TX_LMT_026063,2026-04-09 18:14:04,BILLING_ERROR
TX_001353,2026-04-01 21:09:08,FRAUDULENT
TX_VEL_020520,2026-03-31 23:03:48,FRAUDULENT
TX_VEL_020521,2026-04-09 23:04:33,FRAUDULENT
TX_VEL_020522,2026-03-30 23:05:18,UNRECOGNIZED
TX_VEL_020490,2026-04-03 23:18:36,UNRECOGNIZED
TX_VEL_020492,2026-04-05 23:20:06,UNRECOGNIZED
TX_VEL_020493,2026-04-07 23:20:51,FRAUDULENT
TX_005110,2026-04-09 03:06:18,UNRECOGNIZED
TX_VEL_020580,2026-04-02 06:32:10,FRAUDULENT
TX_VEL_020581,2026-04-10 06:32:55,FRAUDULENT
TX_VEL_020582,2026-04-09 06:33:40,FRAUDULENT
TX_VEL_020583,2026-04-06 06:34:25,FRAUDULENT
TX_DUP_023316,2026-04-08 11:12:53,UNRECOGNIZED
TX_LMT_026043,2026-04-12 11:39:17,BILLING_ERROR
TX_005665,2026-04-05 13:51:44,UNRECOGNIZED
TX_004741,2026-04-09 23:15:38,FRAUDULENT
TX_VEL_021480,2026-04-08 11:37:59,BILLING_ERROR
TX_VEL_021481,2026-04-06 11:38:44,UNRECOGNIZED
TX_VEL_021482,2026-04-12 11:39:29,BILLING_ERROR
TX_VEL_021483,2026-04-02 11:40:14,FRAUDULENT
TX_016147,2026-04-08 12:04:32,BILLING_ERROR
TX_006830,2026-04-10 19:45:11,UNRECOGNIZED
TX_003948,2026-04-13 01:20:36,BILLING_ERROR
TX_015895,2026-04-03 03:34:13,FRAUDULENT
TX_DUP_023110,2026-04-10 06:07:11,FRAUDULENT
TX_VEL_020880,2026-04-10 10:09:51,FRAUDULENT
TX_VEL_020881,2026-04-14 10:10:36,FRAUDULENT
TX_VEL_020882,2026-04-14 10:11:21,FRAUDULENT
TX_VEL_020883,2026-04-11 10:12:06,FRAUDULENT
TX_DUP_023245,2026-04-07 15:06:35,FRAUDULENT
TX_DUP_023246,2026-04-10 15:08:35,FRAUDULENT
TX_DUP_023581,2026-04-11 21:21:53,FRAUDULENT
TX_009183,2026-04-14 01:05:38,BILLING_ERROR
TX_DUP_023390,2026-04-04 04:53:56,UNRECOGNIZED
TX_DUP_023391,2026-04-13 04:55:56,FRAUDULENT
TX_VEL_020990,2026-04-04 06:19:51,UNRECOGNIZED
TX_VEL_020991,2026-04-10 06:20:36,FRAUDULENT
TX_VEL_020992,2026-04-06 06:21:21,UNRECOGNIZED
TX_VEL_020993,2026-04-13 06:22:06,BILLING_ERROR
TX_LMT_026024,2026-04-11 09:16:44,FRAUDULENT
TX_002739,2026-04-08 15:34:21,FRAUDULENT
TX_012798,2026-04-07 18:06:02,BILLING_ERROR
TX_VEL_021890,2026-04-05 19:56:06,FRAUDULENT
TX_VEL_021892,2026-04-08 19:57:36,FRAUDULENT
TX_VEL_021893,2026-04-10 19:58:21,UNRECOGNIZED
TX_VEL_020770,2026-04-17 02:51:42,BILLING_ERROR
TX_VEL_020771,2026-04-04 02:52:27,FRAUDULENT
TX_VEL_020772,2026-04-11 02:53:12,FRAUDULENT
TX_VEL_020773,2026-04-04 02:53:57,UNRECOGNIZED
TX_VEL_020040,2026-04-13 06:35:12,FRAUDULENT
TX_VEL_020041,2026-04-12 06:35:57,FRAUDULENT
TX_VEL_020042,2026-04-16 06:36:42,FRAUDULENT
TX_VEL_020043,2026-04-05 06:37:27,BILLING_ERROR
TX_VEL_021260,2026-04-07 00:52:16,FRAUDULENT
TX_VEL_021261,2026-04-17 00:53:01,UNRECOGNIZED
TX_019212,2026-04-14 02:04:28,FRAUDULENT
TX_014844,2026-04-08 02:12:09,FRAUDULENT
TX_003006,2026-04-10 07:12:22,BILLING_ERROR
TX_DUP_023006,2026-04-10 08:14:34,FRAUDULENT
TX_000946,2026-04-08 14:15:10,BILLING_ERROR
TX_VEL_021650,2026-04-09 17:04:50,UNRECOGNIZED
TX_VEL_021651,2026-04-06 17:05:35,FRAUDULENT
TX_VEL_021652,2026-04-11 17:06:20,FRAUDULENT
TX_VEL_021653,2026-04-07 17:07:05,FRAUDULENT
TX_DUP_023026,2026-04-16 01:05:17,UNRECOGNIZED
TX_VEL_020180,2026-04-16 05:14:28,UNRECOGNIZED
TX_VEL_020181,2026-04-17 05:15:13,BILLING_ERROR
TX_VEL_020182,2026-04-18 05:15:58,FRAUDULENT
TX_VEL_021400,2026-04-18 06:31:56,BILLING_ERROR
TX_VEL_021401,2026-04-18 06:32:41,FRAUDULENT
TX_VEL_021402,2026-04-10 06:33:26,FRAUDULENT
TX_VEL_021403,2026-04-19 06:34:11,FRAUDULENT
TX_DUP_023506,2026-04-08 10:18:08,FRAUDULENT
TX_010245,2026-04-10 16:30:02,FRAUDULENT
TX_015624,2026-04-13 05:50:10,FRAUDULENT
TX_001256,2026-04-15 07:36:40,FRAUDULENT
TX_VEL_021150,2026-04-08 11:43:00,UNRECOGNIZED
TX_VEL_021151,2026-04-16 11:43:45,FRAUDULENT
TX_VEL_021152,2026-04-17 11:44:30,FRAUDULENT
TX_VEL_021153,2026-04-16 11:45:15,UNRECOGNIZED
TX_000720,2026-04-16 21:13:17,UNRECOGNIZED
TX_016797,2026-04-19 03:03:54,FRAUDULENT
TX_LMT_026060,2026-04-19 06:58:31,FRAUDULENT
TX_VEL_020610,2026-04-20 10:48:01,FRAUDULENT
TX_VEL_020611,2026-04-10 10:48:46,FRAUDULENT
TX_VEL_020612,2026-04-14 10:49:31,BILLING_ERROR
TX_VEL_021630,2026-04-17 21:50:33,FRAUDULENT
TX_VEL_021632,2026-04-19 21:52:03,FRAUDULENT
TX_VEL_021633,2026-04-13 21:52:48,BILLING_ERROR
TX_DUP_023420,2026-04-16 22:29:35,BILLING_ERROR
TX_018545,2026-04-18 02:48:37,UNRECOGNIZED
TX_LMT_026019,2026-04-11 12:34:50,BILLING_ERROR
TX_VEL_021560,2026-04-11 16:52:03,BILLING_ERROR
TX_VEL_021562,2026-04-21 16:53:33,BILLING_ERROR
TX_LMT_026098,2026-04-14 17:43:29,UNRECOGNIZED
TX_014073,2026-04-19 23:45:36,UNRECOGNIZED
TX_014298,2026-04-17 03:26:41,FRAUDULENT
TX_DUP_023745,2026-04-10 04:14:20,UNRECOGNIZED
TX_DUP_023746,2026-04-10 04:16:20,FRAUDULENT
TX_DUP_023515,2026-04-17 14:03:52,FRAUDULENT
TX_VEL_021012,2026-04-12 00:54:06,BILLING_ERROR
TX_LMT_026021,2026-04-23 04:44:50,UNRECOGNIZED
TX_DUP_023225,2026-04-17 13:19:40,UNRECOGNIZED
TX_DUP_023050,2026-04-23 20:56:15,FRAUDULENT
TX_DUP_023051,2026-04-22 20:58:15,UNRECOGNIZED
TX_VEL_021241,2026-04-11 21:29:24,FRAUDULENT
TX_VEL_021242,2026-04-19 21:30:09,FRAUDULENT
TX_VEL_021243,2026-04-22 21:30:54,UNRECOGNIZED
TX_019540,2026-04-24 21:57:41,UNRECOGNIZED
TX_VEL_020011,2026-04-23 22:03:41,BILLING_ERROR
TX_VEL_020012,2026-04-12 22:04:26,FRAUDULENT
TX_DUP_023675,2026-04-13 03:26:52,UNRECOGNIZED
TX_DUP_023676,2026-04-24 03:28:52,UNRECOGNIZED
TX_DUP_023375,2026-04-18 22:49:19,FRAUDULENT
TX_DUP_023376,2026-04-19 22:51:19,BILLING_ERROR
TX_005007,2026-04-13 01:33:38,UNRECOGNIZED
TX_DUP_023400,2026-04-18 09:27:57,FRAUDULENT
TX_DUP_023401,2026-04-14 09:29:57,FRAUDULENT
TX_VEL_021872,2026-04-24 01:14:36,UNRECOGNIZED
TX_VEL_021873,2026-04-25 01:15:21,FRAUDULENT
TX_DUP_023255,2026-04-22 06:50:49,FRAUDULENT
TX_DUP_023256,2026-04-21 06:52:49,UNRECOGNIZED
TX_004198,2026-04-19 08:45:15,FRAUDULENT
TX_016630,2026-04-18 12:46:54,FRAUDULENT
TX_VEL_021640,2026-04-18 02:06:23,BILLING_ERROR
TX_VEL_021642,2026-04-20 02:07:53,BILLING_ERROR
TX_VEL_021643,2026-04-18 02:08:38,FRAUDULENT
TX_VEL_021820,2026-04-22 16:27:29,FRAUDULENT
TX_VEL_021821,2026-04-16 16:28:14,FRAUDULENT
TX_VEL_021822,2026-04-27 16:28:59,UNRECOGNIZED
TX_VEL_021823,2026-04-21 16:29:44,FRAUDULENT
TX_DUP_023201,2026-04-16 05:30:35,BILLING_ERROR
TX_VEL_020410,2026-04-24 07:50:31,FRAUDULENT
TX_VEL_020411,2026-04-16 07:51:16,FRAUDULENT
TX_VEL_020412,2026-04-21 07:52:01,FRAUDULENT
TX_VEL_020413,2026-04-25 07:52:46,FRAUDULENT
TX_018370,2026-04-29 12:42:24,FRAUDULENT
TX_DUP_023441,2026-04-17 13:28:35,BILLING_ERROR
TX_DUP_023045,2026-04-22 18:23:58,BILLING_ERROR
TX_DUP_023046,2026-04-20 18:25:58,UNRECOGNIZED
TX_VEL_021810,2026-04-23 22:33:27,FRAUDULENT
TX_VEL_021811,2026-04-21 22:34:12,UNRECOGNIZED
TX_VEL_021812,2026-04-28 22:34:57,FRAUDULENT
TX_VEL_021813,2026-04-24 22:35:42,FRAUDULENT
TX_VEL_021680,2026-04-28 06:49:58,BILLING_ERROR
TX_VEL_021681,2026-04-30 06:50:43,FRAUDULENT
TX_VEL_021682,2026-04-26 06:51:28,UNRECOGNIZED
TX_VEL_021683,2026-04-19 06:52:13,FRAUDULENT
TX_000884,2026-04-20 14:31:22,BILLING_ERROR
TX_VEL_021510,2026-04-22 16:02:34,FRAUDULENT
TX_VEL_021511,2026-04-23 16:03:19,BILLING_ERROR
TX_VEL_021512,2026-04-24 16:04:04,FRAUDULENT
TX_VEL_021513,2026-04-27 16:04:49,FRAUDULENT
TX_DUP_023645,2026-04-23 17:07:20,UNRECOGNIZED
TX_DUP_023646,2026-04-19 17:09:20,UNRECOGNIZED
TX_015739,2026-04-27 23:45:11,UNRECOGNIZED
TX_007160,2026-04-21 00:46:42,FRAUDULENT
TX_LMT_026097,2026-04-20 09:18:10,FRAUDULENT
TX_015017,2026-04-27 17:12:43,FRAUDULENT
TX_014307,2026-04-30 23:23:45,FRAUDULENT
TX_VEL_020021,2026-04-28 01:25:00,BILLING_ERROR
TX_VEL_020022,2026-04-26 01:25:45,BILLING_ERROR
TX_VEL_020023,2026-04-23 01:26:30,FRAUDULENT
TX_010756,2026-04-23 07:18:24,FRAUDULENT
TX_016627,2026-04-22 07:44:20,UNRECOGNIZED
TX_DUP_023535,2026-04-19 08:56:22,FRAUDULENT
TX_DUP_023536,2026-05-02 08:58:22,UNRECOGNIZED
TX_DUP_023356,2026-04-25 13:48:25,FRAUDULENT
TX_VEL_020861,2026-04-27 01:19:23,BILLING_ERROR
TX_VEL_020862,2026-04-22 01:20:08,UNRECOGNIZED
TX_VEL_020863,2026-05-02 01:20:53,UNRECOGNIZED
TX_LMT_026056,2026-04-25 03:53:38,FRAUDULENT
TX_000116,2026-05-02 05:48:52,FRAUDULENT
TX_DUP_023520,2026-04-24 11:19:42,UNRECOGNIZED
TX_007138,2026-04-28 17:38:07,FRAUDULENT
TX_008125,2026-04-25 02:08:03,FRAUDULENT
TX_009919,2026-05-02 11:51:15,FRAUDULENT
TX_001697,2026-04-22 23:31:17,FRAUDULENT
TX_008572,2026-05-05 00:16:55,FRAUDULENT
TX_DUP_023490,2026-04-28 00:46:47,BILLING_ERROR
TX_DUP_023491,2026-04-28 00:48:47,FRAUDULENT
TX_DUP_023395,2026-04-29 02:18:51,FRAUDULENT
TX_DUP_023396,2026-04-23 02:20:51,FRAUDULENT
TX_DUP_023605,2026-04-27 02:37:31,BILLING_ERROR
TX_DUP_023606,2026-05-01 02:39:31,FRAUDULENT
TX_004805,2026-04-30 08:58:22,FRAUDULENT
TX_003108,2026-04-30 14:01:56,UNRECOGNIZED
TX_007972,2026-04-24 04:12:32,FRAUDULENT
TX_008844,2026-05-03 04:24:35,UNRECOGNIZED
TX_015672,2026-04-28 17:25:36,FRAUDULENT
TX_VEL_020971,2026-04-30 23:56:33,UNRECOGNIZED
TX_VEL_020972,2026-04-25 23:57:18,UNRECOGNIZED
TX_VEL_020973,2026-04-26 23:58:03,FRAUDULENT
TX_003695,2026-04-27 11:40:34,UNRECOGNIZED
TX_LMT_026068,2026-05-03 18:10:10,BILLING_ERROR
TX_VEL_021300,2026-04-27 23:41:57,FRAUDULENT
TX_VEL_021301,2026-05-01 23:42:42,FRAUDULENT
TX_VEL_021302,2026-05-06 23:43:27,FRAUDULENT
TX_VEL_021303,2026-04-30 23:44:12,FRAUDULENT
TX_003449,2026-05-01 02:31:26,FRAUDULENT
TX_012497,2026-05-01 07:55:45,UNRECOGNIZED
TX_DUP_023040,2026-05-08 13:47:00,FRAUDULENT
TX_VEL_020630,2026-04-28 21:50:10,FRAUDULENT
TX_VEL_020631,2026-04-29 21:50:55,FRAUDULENT
TX_VEL_020632,2026-05-01 21:51:40,FRAUDULENT
TX_VEL_020633,2026-05-08 21:52:25,FRAUDULENT
TX_011911,2026-04-29 04:41:55,BILLING_ERROR
TX_011546,2026-05-05 08:47:31,FRAUDULENT
TX_VEL_021030,2026-04-30 09:30:58,FRAUDULENT
TX_VEL_021031,2026-04-27 09:31:43,FRAUDULENT
TX_VEL_021032,2026-05-03 09:32:28,BILLING_ERROR
TX_VEL_021033,2026-05-02 09:33:13,FRAUDULENT
TX_015530,2026-05-04 11:04:46,FRAUDULENT
TX_018920,2026-05-08 22:13:22,BILLING_ERROR
TX_001933,2026-05-07 02:06:00,FRAUDULENT
TX_VEL_021700,2026-04-27 06:11:20,FRAUDULENT
TX_VEL_021701,2026-04-27 06:12:05,FRAUDULENT
TX_VEL_021702,2026-05-10 06:12:50,FRAUDULENT
TX_VEL_021703,2026-05-03 06:13:35,FRAUDULENT
TX_VEL_021930,2026-05-10 11:20:18,FRAUDULENT
TX_VEL_021932,2026-05-05 11:21:48,BILLING_ERROR
TX_VEL_021933,2026-05-06 11:22:33,UNRECOGNIZED
TX_005089,2026-05-04 12:52:08,FRAUDULENT
TX_VEL_021690,2026-04-28 19:13:08,FRAUDULENT
TX_VEL_021692,2026-04-30 19:14:38,FRAUDULENT
TX_VEL_021693,2026-05-09 19:15:23,FRAUDULENT
TX_012717,2026-05-04 02:51:41,FRAUDULENT
TX_VEL_020260,2026-05-02 11:06:43,BILLING_ERROR
TX_VEL_020261,2026-05-01 11:07:28,FRAUDULENT
TX_VEL_020262,2026-05-07 11:08:13,BILLING_ERROR
TX_VEL_020263,2026-05-06 11:08:58,BILLING_ERROR
TX_VEL_020540,2026-04-29 14:29:30,UNRECOGNIZED
TX_VEL_020541,2026-05-06 14:30:15,FRAUDULENT
TX_VEL_020542,2026-05-06 14:31:00,BILLING_ERROR
TX_VEL_020543,2026-05-07 14:31:45,FRAUDULENT
TX_DUP_023435,2026-05-07 18:29:30,FRAUDULENT
TX_DUP_023436,2026-05-04 18:31:30,FRAUDULENT
TX_012400,2026-04-30 22:13:33,BILLING_ERROR
TX_011042,2026-05-12 05:14:36,FRAUDULENT
TX_008091,2026-05-08 05:34:21,BILLING_ERROR
TX_DUP_023446,2026-05-08 17:34:51,BILLING_ERROR
TX_VEL_021991,2026-05-14 05:02:27,BILLING_ERROR
TX_VEL_021993,2026-05-03 05:03:57,BILLING_ERROR
TX_014873,2026-05-12 05:09:07,UNRECOGNIZED
TX_VEL_021380,2026-05-08 11:01:41,UNRECOGNIZED
TX_VEL_021381,2026-05-02 11:02:26,FRAUDULENT
TX_VEL_021382,2026-05-10 11:03:11,FRAUDULENT
TX_VEL_021383,2026-05-07 11:03:56,FRAUDULENT
TX_VEL_020051,2026-05-14 11:23:38,FRAUDULENT
TX_VEL_020053,2026-05-14 11:25:08,FRAUDULENT
TX_001934,2026-05-01 12:29:56,FRAUDULENT
TX_DUP_023496,2026-05-12 23:40:44,BILLING_ERROR
TX_VEL_020590,2026-05-04 03:49:55,FRAUDULENT
TX_VEL_020591,2026-05-04 03:50:40,FRAUDULENT
TX_VEL_020592,2026-05-03 03:51:25,FRAUDULENT
TX_VEL_020593,2026-05-05 03:52:10,BILLING_ERROR
TX_VEL_021780,2026-05-04 06:49:06,FRAUDULENT
TX_VEL_021781,2026-05-06 06:49:51,BILLING_ERROR
TX_VEL_021782,2026-05-12 06:50:36,FRAUDULENT
TX_VEL_021783,2026-05-14 06:51:21,FRAUDULENT
TX_015486,2026-05-12 11:41:10,FRAUDULENT
TX_DUP_023635,2026-05-02 17:02:41,FRAUDULENT
TX_001516,2026-05-14 22:28:48,BILLING_ERROR
TX_VEL_021411,2026-05-03 00:33:22,BILLING_ERROR
TX_VEL_021412,2026-05-03 00:34:07,UNRECOGNIZED
TX_VEL_021413,2026-05-10 00:34:52,FRAUDULENT
TX_011988,2026-05-16 04:50:16,UNRECOGNIZED
TX_019775,2026-05-15 13:20:33,FRAUDULENT
TX_005536,2026-05-13 19:47:59,UNRECOGNIZED
TX_VEL_021450,2026-05-17 02:32:21,FRAUDULENT
TX_VEL_021451,2026-05-06 02:33:06,FRAUDULENT
TX_VEL_021452,2026-05-08 02:33:51,FRAUDULENT
TX_VEL_021453,2026-05-05 02:34:36,FRAUDULENT
TX_DUP_023135,2026-05-14 02:49:34,UNRECOGNIZED
TX_VEL_020270,2026-05-09 04:50:09,UNRECOGNIZED
TX_VEL_020271,2026-05-06 04:50:54,UNRECOGNIZED
TX_VEL_020272,2026-05-07 04:51:39,FRAUDULENT
TX_VEL_020273,2026-05-16 04:52:24,UNRECOGNIZED
TX_DUP_023475,2026-05-06 17:52:33,BILLING_ERROR
TX_DUP_023476,2026-05-08 17:54:33,FRAUDULENT
TX_DUP_023060,2026-05-08 18:44:36,UNRECOGNIZED
TX_DUP_023061,2026-05-10 18:46:36,UNRECOGNIZED
TX_DUP_023620,2026-05-15 06:46:30,FRAUDULENT
TX_DUP_023621,2026-05-10 06:48:30,FRAUDULENT
TX_002960,2026-05-05 11:49:22,UNRECOGNIZED
TX_007115,2026-05-15 12:08:04,BILLING_ERROR
TX_DUP_023165,2026-05-11 15:11:34,FRAUDULENT
TX_DUP_023166,2026-05-14 15:13:34,FRAUDULENT
TX_VEL_020230,2026-05-10 15:35:12,FRAUDULENT
TX_VEL_020231,2026-05-15 15:35:57,BILLING_ERROR
TX_VEL_020232,2026-05-06 15:36:42,FRAUDULENT
TX_VEL_020233,2026-05-10 15:37:27,FRAUDULENT
TX_VEL_021430,2026-05-11 19:45:59,BILLING_ERROR
TX_VEL_021431,2026-05-12 19:46:44,FRAUDULENT
TX_VEL_021432,2026-05-16 19:47:29,FRAUDULENT
TX_VEL_021433,2026-05-05 19:48:14,FRAUDULENT
TX_009028,2026-05-11 20:23:51,BILLING_ERROR
TX_LMT_026057,2026-05-08 23:57:45,BILLING_ERROR
TX_017806,2026-05-15 01:05:41,UNRECOGNIZED
TX_007709,2026-05-12 11:49:28,BILLING_ERROR
TX_DUP_023406,2026-05-06 16:19:30,FRAUDULENT
TX_VEL_020800,2026-05-19 16:45:25,BILLING_ERROR
TX_VEL_020801,2026-05-19 16:46:10,BILLING_ERROR
TX_VEL_020802,2026-05-07 16:46:55,FRAUDULENT
TX_VEL_020250,2026-05-16 17:17:59,UNRECOGNIZED
TX_VEL_020251,2026-05-11 17:18:44,FRAUDULENT
TX_VEL_020252,2026-05-17 17:19:29,BILLING_ERROR
TX_VEL_020253,2026-05-14 17:20:14,FRAUDULENT
TX_VEL_021500,2026-05-06 22:49:06,BILLING_ERROR
TX_VEL_021501,2026-05-17 22:49:51,FRAUDULENT
TX_VEL_021502,2026-05-15 22:50:36,BILLING_ERROR
TX_VEL_021503,2026-05-16 22:51:21,FRAUDULENT
TX_DUP_023650,2026-05-15 00:22:41,FRAUDULENT
TX_006118,2026-05-15 10:42:17,UNRECOGNIZED
TX_018191,2026-05-15 11:28:31,FRAUDULENT
TX_012889,2026-05-22 13:33:14,FRAUDULENT
TX_VEL_020650,2026-05-13 15:15:43,UNRECOGNIZED
TX_VEL_020651,2026-05-20 15:16:28,FRAUDULENT
TX_VEL_020652,2026-05-18 15:17:13,FRAUDULENT
TX_VEL_020653,2026-05-17 15:17:58,UNRECOGNIZED
TX_000663,2026-05-19 19:01:26,BILLING_ERROR
TX_019878,2026-05-21 19:32:03,BILLING_ERROR
TX_VEL_020871,2026-05-13 01:55:57,FRAUDULENT
TX_VEL_020872,2026-05-16 01:56:42,FRAUDULENT
TX_VEL_020120,2026-05-13 06:28:18,FRAUDULENT
TX_VEL_020121,2026-05-18 06:29:03,BILLING_ERROR
TX_VEL_020122,2026-05-17 06:29:48,UNRECOGNIZED
TX_VEL_020123,2026-05-22 06:30:33,FRAUDULENT
TX_LMT_026094,2026-05-20 10:59:36,UNRECOGNIZED
TX_008350,2026-05-11 12:55:29,FRAUDULENT
TX_019289,2026-05-12 20:24:06,FRAUDULENT
TX_002810,2026-05-11 20:35:50,BILLING_ERROR
TX_VEL_021070,2026-05-11 05:40:09,FRAUDULENT
TX_VEL_021071,2026-05-12 05:40:54,UNRECOGNIZED
TX_VEL_021072,2026-05-16 05:41:39,FRAUDULENT
TX_VEL_021073,2026-05-11 05:42:24,FRAUDULENT
TX_VEL_021191,2026-05-11 08:23:38,FRAUDULENT
TX_VEL_021192,2026-05-24 08:24:23,FRAUDULENT
TX_VEL_021193,2026-05-15 08:25:08,FRAUDULENT
TX_DUP_023285,2026-05-21 10:11:19,FRAUDULENT
TX_LMT_026055,2026-05-24 16:50:01,FRAUDULENT
TX_016437,2026-05-14 00:14:06,UNRECOGNIZED
TX_VEL_020750,2026-05-23 03:22:10,FRAUDULENT
TX_VEL_020751,2026-05-17 03:22:55,BILLING_ERROR
TX_VEL_020752,2026-05-12 03:23:40,BILLING_ERROR
TX_VEL_020753,2026-05-23 03:24:25,FRAUDULENT
TX_VEL_021341,2026-05-24 03:46:54,FRAUDULENT
TX_VEL_021342,2026-05-22 03:47:39,FRAUDULENT
TX_VEL_021343,2026-05-22 03:48:24,BILLING_ERROR
TX_DUP_023035,2026-05-25 05:27:09,BILLING_ERROR
TX_DUP_023036,2026-05-17 05:29:09,FRAUDULENT
TX_VEL_020440,2026-05-19 13:39:45,FRAUDULENT
TX_VEL_020441,2026-05-17 13:40:30,UNRECOGNIZED
TX_VEL_020442,2026-05-24 13:41:15,UNRECOGNIZED
TX_DUP_023670,2026-05-23 17:42:22,UNRECOGNIZED
TX_DUP_023671,2026-05-22 17:44:22,FRAUDULENT
TX_VEL_020330,2026-05-12 23:30:56,BILLING_ERROR
TX_VEL_020331,2026-05-17 23:31:41,FRAUDULENT
TX_VEL_020332,2026-05-17 23:32:26,FRAUDULENT
TX_VEL_020333,2026-05-23 23:33:11,FRAUDULENT
TX_017871,2026-05-13 10:49:59,FRAUDULENT
TX_014668,2026-05-15 16:28:27,FRAUDULENT
TX_VEL_021970,2026-05-19 01:27:57,UNRECOGNIZED
TX_VEL_021971,2026-05-20 01:28:42,FRAUDULENT
TX_VEL_021972,2026-05-23 01:29:27,UNRECOGNIZED
TX_VEL_021973,2026-05-17 01:30:12,BILLING_ERROR
TX_002015,2026-05-16 05:10:04,FRAUDULENT
TX_VEL_020420,2026-05-18 06:54:34,FRAUDULENT
TX_VEL_020421,2026-05-22 06:55:19,BILLING_ERROR
TX_VEL_020422,2026-05-20 06:56:04,UNRECOGNIZED
TX_019761,2026-05-20 01:08:16,BILLING_ERROR
TX_VEL_021461,2026-05-19 10:45:57,BILLING_ERROR
TX_VEL_021463,2026-05-21 10:47:27,FRAUDULENT
TX_003582,2026-05-17 14:51:21,BILLING_ERROR
TX_DUP_023335,2026-05-23 16:53:16,FRAUDULENT
TX_DUP_023336,2026-05-16 16:55:16,FRAUDULENT
TX_DUP_023125,2026-05-19 16:57:41,BILLING_ERROR
TX_DUP_023126,2026-05-19 16:59:41,BILLING_ERROR
TX_007890,2026-05-23 19:53:32,BILLING_ERROR
TX_DUP_023235,2026-05-27 21:23:46,UNRECOGNIZED
TX_DUP_023236,2026-05-15 21:25:46,FRAUDULENT
TX_005198,2026-05-23 01:35:48,UNRECOGNIZED
TX_VEL_020190,2026-05-26 05:33:43,FRAUDULENT
TX_VEL_020191,2026-05-23 05:34:28,FRAUDULENT
TX_VEL_020193,2026-05-19 05:35:58,BILLING_ERROR
TX_000886,2026-05-20 08:21:56,FRAUDULENT
TX_VEL_020930,2026-05-18 22:30:44,FRAUDULENT
TX_VEL_020931,2026-05-26 22:31:29,FRAUDULENT
TX_VEL_020932,2026-05-20 22:32:14,FRAUDULENT
TX_VEL_020933,2026-05-18 22:32:59,FRAUDULENT
TX_011920,2026-05-19 02:06:34,FRAUDULENT
TX_LMT_026075,2026-05-24 03:57:13,BILLING_ERROR
TX_DUP_023696,2026-05-20 04:34:26,FRAUDULENT
TX_DUP_023525,2026-05-27 17:08:48,FRAUDULENT
TX_LMT_026020,2026-05-20 19:49:29,UNRECOGNIZED
TX_VEL_020780,2026-05-22 23:23:10,FRAUDULENT
TX_VEL_020781,2026-05-27 23:23:55,UNRECOGNIZED
TX_016924,2026-05-30 12:33:10,UNRECOGNIZED
TX_VEL_020530,2026-05-23 22:43:44,FRAUDULENT
TX_VEL_020531,2026-05-29 22:44:29,FRAUDULENT
TX_VEL_020532,2026-05-30 22:45:14,UNRECOGNIZED
TX_VEL_020533,2026-05-25 22:45:59,FRAUDULENT
TX_VEL_021200,2026-05-22 22:46:36,FRAUDULENT
TX_VEL_021201,2026-05-31 22:47:21,FRAUDULENT
TX_VEL_021203,2026-05-29 22:48:51,FRAUDULENT
TX_VEL_021590,2026-05-23 01:37:14,FRAUDULENT
TX_VEL_021591,2026-05-29 01:37:59,FRAUDULENT
TX_VEL_021592,2026-05-28 01:38:44,FRAUDULENT
TX_VEL_021593,2026-05-25 01:39:29,UNRECOGNIZED
TX_VEL_021370,2026-05-31 01:54:15,FRAUDULENT
TX_VEL_021371,2026-05-26 01:55:00,FRAUDULENT
TX_VEL_021372,2026-05-26 01:55:45,UNRECOGNIZED
TX_VEL_021373,2026-05-26 01:56:30,FRAUDULENT
TX_010327,2026-05-23 08:08:07,FRAUDULENT
TX_VEL_020220,2026-06-01 11:02:40,FRAUDULENT
TX_VEL_020221,2026-05-26 11:03:25,FRAUDULENT
TX_VEL_020222,2026-05-26 11:04:10,FRAUDULENT
TX_DUP_023720,2026-05-19 13:05:20,UNRECOGNIZED
TX_DUP_023721,2026-05-20 13:07:20,FRAUDULENT
TX_VEL_021770,2026-05-23 14:03:24,FRAUDULENT
TX_VEL_021771,2026-05-21 14:04:09,FRAUDULENT
TX_VEL_021772,2026-05-25 14:04:54,FRAUDULENT
TX_VEL_021773,2026-05-27 14:05:39,FRAUDULENT
TX_DUP_023585,2026-05-20 15:41:38,UNRECOGNIZED
TX_DUP_023586,2026-05-21 15:43:38,BILLING_ERROR
TX_VEL_021020,2026-05-21 15:51:37,UNRECOGNIZED
TX_VEL_021021,2026-05-31 15:52:22,UNRECOGNIZED
TX_VEL_021022,2026-05-20 15:53:07,BILLING_ERROR
TX_VEL_021023,2026-05-27 15:53:52,FRAUDULENT
TX_012523,2026-05-21 03:57:51,UNRECOGNIZED
TX_VEL_020560,2026-05-22 06:14:07,BILLING_ERROR
TX_VEL_020561,2026-05-26 06:14:52,FRAUDULENT
TX_VEL_020562,2026-05-28 06:15:37,UNRECOGNIZED
TX_VEL_020563,2026-05-20 06:16:22,FRAUDULENT
TX_011229,2026-05-27 18:57:42,UNRECOGNIZED
TX_014084,2026-05-28 22:46:44,FRAUDULENT
TX_LMT_026046,2026-05-26 08:11:47,UNRECOGNIZED
TX_018200,2026-05-26 09:41:32,BILLING_ERROR
TX_018609,2026-06-02 11:31:34,FRAUDULENT
TX_VEL_021750,2026-05-31 12:10:00,BILLING_ERROR
TX_VEL_021751,2026-05-22 12:10:45,FRAUDULENT
TX_VEL_021752,2026-06-01 12:11:30,BILLING_ERROR
TX_VEL_021753,2026-05-28 12:12:15,FRAUDULENT
TX_002784,2026-05-30 18:25:20,FRAUDULENT
TX_006740,2026-05-28 01:23:22,BILLING_ERROR
TX_012722,2026-05-31 08:53:52,BILLING_ERROR
TX_DUP_023281,2026-05-29 11:40:30,FRAUDULENT
TX_016531,2026-05-22 13:05:03,FRAUDULENT
TX_VEL_020981,2026-06-02 13:47:01,FRAUDULENT
TX_VEL_020982,2026-06-03 13:47:46,FRAUDULENT
TX_VEL_020983,2026-06-03 13:48:31,UNRECOGNIZED
TX_VEL_021660,2026-05-28 14:42:26,FRAUDULENT
TX_VEL_021661,2026-05-22 14:43:11,BILLING_ERROR
TX_VEL_021662,2026-05-31 14:43:56,FRAUDULENT
TX_VEL_021663,2026-05-25 14:44:41,FRAUDULENT
TX_VEL_021280,2026-05-29 14:55:23,UNRECOGNIZED
TX_VEL_021281,2026-06-03 14:56:08,BILLING_ERROR
TX_VEL_021282,2026-06-01 14:56:53,UNRECOGNIZED
TX_VEL_020640,2026-05-23 21:27:10,FRAUDULENT
TX_VEL_020641,2026-05-24 21:27:55,FRAUDULENT
TX_VEL_020642,2026-05-28 21:28:40,UNRECOGNIZED
TX_VEL_020643,2026-05-31 21:29:25,BILLING_ERROR
TX_DUP_023451,2026-06-04 01:56:52,FRAUDULENT
TX_VEL_020060,2026-05-27 07:51:59,BILLING_ERROR
TX_VEL_020061,2026-05-30 07:52:44,BILLING_ERROR
TX_VEL_020062,2026-05-31 07:53:29,FRAUDULENT
TX_004315,2026-05-25 22:23:29,UNRECOGNIZED
TX_DUP_023565,2026-06-05 03:16:45,FRAUDULENT
TX_DUP_023566,2026-06-02 03:18:45,FRAUDULENT
TX_019976,2026-05-25 05:47:10,FRAUDULENT
TX_DUP_023610,2026-05-31 06:55:56,BILLING_ERROR
TX_DUP_023611,2026-06-01 06:57:56,FRAUDULENT
TX_014241,2026-06-04 14:12:48,FRAUDULENT
TX_VEL_020730,2026-05-25 14:50:16,BILLING_ERROR
TX_VEL_020731,2026-05-26 14:51:01,FRAUDULENT
TX_002457,2026-05-28 14:51:14,BILLING_ERROR
TX_VEL_020733,2026-05-31 14:52:31,FRAUDULENT
TX_013629,2026-05-26 17:45:02,UNRECOGNIZED
TX_VEL_021270,2026-05-28 06:30:39,UNRECOGNIZED
TX_VEL_021271,2026-05-28 06:31:24,FRAUDULENT
TX_VEL_021272,2026-05-28 06:32:09,BILLING_ERROR
TX_VEL_021273,2026-06-05 06:32:54,UNRECOGNIZED
TX_DUP_023070,2026-06-05 08:44:54,UNRECOGNIZED
TX_VEL_021171,2026-06-02 23:33:53,FRAUDULENT
TX_VEL_021172,2026-05-27 23:34:38,FRAUDULENT
TX_VEL_021173,2026-06-03 23:35:23,FRAUDULENT
TX_015743,2026-05-30 06:44:36,UNRECOGNIZED
TX_003912,2026-05-30 02:00:05,UNRECOGNIZED
TX_DUP_023055,2026-05-30 11:40:23,FRAUDULENT
TX_DUP_023056,2026-05-27 11:42:23,UNRECOGNIZED
TX_019112,2026-06-09 16:20:29,UNRECOGNIZED
TX_DUP_023345,2026-06-03 02:24:45,BILLING_ERROR
TX_DUP_023346,2026-06-02 02:26:45,FRAUDULENT
TX_VEL_020282,2026-06-02 03:48:05,UNRECOGNIZED
TX_VEL_020283,2026-06-03 03:48:50,BILLING_ERROR
TX_DUP_023161,2026-06-02 11:41:53,BILLING_ERROR
TX_000489,2026-06-02 16:12:18,FRAUDULENT
TX_VEL_020550,2026-06-07 16:48:41,BILLING_ERROR
TX_VEL_020551,2026-06-05 16:49:26,BILLING_ERROR
TX_VEL_020552,2026-05-31 16:50:11,BILLING_ERROR
TX_VEL_020553,2026-06-04 16:50:56,BILLING_ERROR
TX_016577,2026-05-31 20:26:08,FRAUDULENT
TX_018126,2026-06-10 00:53:10,BILLING_ERROR
TX_VEL_021050,2026-06-11 01:12:39,UNRECOGNIZED
TX_VEL_021052,2026-06-08 01:14:09,BILLING_ERROR
TX_VEL_021053,2026-06-09 01:14:54,FRAUDULENT
TX_DUP_023155,2026-06-06 10:45:31,FRAUDULENT
TX_DUP_023156,2026-06-02 10:47:31,BILLING_ERROR
TX_002871,2026-06-02 11:16:27,BILLING_ERROR
TX_DUP_023540,2026-06-10 18:23:42,FRAUDULENT
TX_DUP_023465,2026-06-02 22:54:47,FRAUDULENT
TX_DUP_023466,2026-06-06 22:56:47,BILLING_ERROR
TX_013339,2026-06-05 04:24:51,BILLING_ERROR
TX_VEL_021040,2026-05-30 06:37:26,FRAUDULENT
TX_VEL_021041,2026-06-05 06:38:11,FRAUDULENT
TX_DUP_023185,2026-06-09 09:30:01,BILLING_ERROR
TX_VEL_021850,2026-06-03 12:19:53,FRAUDULENT
TX_VEL_021851,2026-06-01 12:20:38,UNRECOGNIZED
TX_VEL_021852,2026-06-05 12:21:23,FRAUDULENT
TX_VEL_021853,2026-06-03 12:22:08,FRAUDULENT
TX_DUP_023630,2026-06-04 18:40:36,BILLING_ERROR
TX_DUP_023631,2026-06-04 18:42:36,FRAUDULENT
TX_009115,2026-06-06 22:22:33,FRAUDULENT
TX_LMT_026013,2026-06-04 10:17:33,FRAUDULENT
TX_LMT_026049,2026-06-01 11:15:10,FRAUDULENT
TX_DUP_023460,2026-06-03 11:28:54,UNRECOGNIZED
TX_DUP_023461,2026-06-06 11:30:54,FRAUDULENT
TX_VEL_020510,2026-06-03 18:13:12,FRAUDULENT
TX_VEL_020511,2026-06-11 18:13:57,FRAUDULENT
TX_VEL_020512,2026-06-02 18:14:42,FRAUDULENT
TX_VEL_020513,2026-06-08 18:15:27,FRAUDULENT
TX_001514,2026-06-01 20:42:43,FRAUDULENT
